  {
    "additional_fields" : [  {
      "name" : "privateEndpointType",
      "isRequired" : false,
      "isArray" : false,
      "objectFields" : [ ],
      "fieldType" : "ENUM",
      "isRequiredForSelfIdentification" : false,
      "permissions" : [ ]
    }, {
      "name" : "smartHost",
      "isRequired" : false,
      "isArray" : false,
      "objectFields" : [ ],
      "fieldType" : "TEXT",
      "isRequiredForSelfIdentification" : false,
      "permissions" : [ ]
    }, {
      "name" : "endpointFqdn",
      "isRequired" : false,
      "isArray" : false,
      "objectFields" : [ ],
      "fieldType" : "TEXT",
      "isRequiredForSelfIdentification" : false,
      "permissions" : [ ]
    }, {
      "name" : "subnetId",
      "isRequired" : false,
      "isArray" : false,
      "objectFields" : [ ],
      "fieldType" : "ID",
      "isRequiredForSelfIdentification" : false,
      "permissions" : [ ]
    }, {
      "name" : "nsgIds",
      "isRequired" : false,
      "isArray" : true,
      "objectFields" : [ ],
      "fieldType" : "ID",
      "isRequiredForSelfIdentification" : false,
      "permissions" : [ ]
    }, {
      "name" : "privateEndpointVnicId",
      "isRequired" : false,
      "isArray" : false,
      "objectFields" : [ ],
      "fieldType" : "ID",
      "isRequiredForSelfIdentification" : false,
      "permissions" : [ ]
    }, {
      "name" : "privateEndpointIp",
      "isRequired" : false,
      "isArray" : false,
      "objectFields" : [ ],
      "fieldType" : "IP",
      "isRequiredForSelfIdentification" : false,
      "permissions" : [ ]
    }, {
      "name" : "privateEndpointSourceIp",
      "isRequired" : false,
      "isArray" : false,
      "objectFields" : [ ],
      "fieldType" : "IP",
      "isRequiredForSelfIdentification" : false,
      "permissions" : [ ]
    } ]
  }