  {
    "additional_fields" : [  {
      "name" : "isSpf",
      "isRequired" : false,
      "isArray" : false,
      "objectFields" : [ ],
      "fieldType" : "BOOLEAN",
      "isRequiredForSelfIdentification" : false,
      "permissions" : [ ]
    }, {
      "name" : "domainName",
      "isRequired" : false,
      "isArray" : false,
      "objectFields" : [ ],
      "fieldType" : "TEXT",
      "isRequiredForSelfIdentification" : false,
      "permissions" : [ ]
    }, {
      "name" : "isDkim",
      "isRequired" : false,
      "isArray" : false,
      "objectFields" : [ ],
      "fieldType" : "BOOLEAN",
      "isRequiredForSelfIdentification" : false,
      "permissions" : [ ]
    }  ]
  }